frequency,raw,error,smoothed,error_smoothed,equalization,parametric_eq,fixed_band_eq,equalized_raw,equalized_smoothed,target
20.00,-11.01,-11.03,-11.00,-11.02,6.00,6.34,2.68,-5.01,-5.00,0.02
20.20,-11.09,-11.14,-11.10,-11.15,6.00,6.34,2.75,-5.09,-5.10,0.05
20.40,-11.18,-11.26,-11.19,-11.27,6.00,6.33,2.83,-5.18,-5.19,0.08
20.61,-11.27,-11.37,-11.27,-11.37,6.00,6.33,2.91,-5.27,-5.27,0.10
20.81,-11.35,-11.48,-11.34,-11.48,6.00,6.33,2.99,-5.35,-5.34,0.13
21.02,-11.40,-11.56,-11.40,-11.56,6.00,6.33,3.08,-5.40,-5.40,0.16
21.23,-11.45,-11.62,-11.44,-11.61,6.00,6.33,3.17,-5.45,-5.44,0.17
21.44,-11.46,-11.64,-11.46,-11.64,6.00,6.33,3.26,-5.46,-5.46,0.18
21.66,-11.46,-11.65,-11.47,-11.65,6.00,6.33,3.35,-5.46,-5.47,0.19
21.87,-11.45,-11.64,-11.45,-11.64,6.00,6.33,3.45,-5.45,-5.45,0.19
22.09,-11.42,-11.62,-11.42,-11.62,6.00,6.33,3.54,-5.42,-5.42,0.20
22.31,-11.37,-11.57,-11.38,-11.58,6.00,6.33,3.64,-5.37,-5.38,0.20
22.54,-11.32,-11.52,-11.31,-11.51,6.00,6.33,3.75,-5.32,-5.31,0.20
22.76,-11.22,-11.42,-11.22,-11.42,6.00,6.33,3.85,-5.22,-5.22,0.20
22.99,-11.10,-11.29,-11.10,-11.29,6.00,6.33,3.96,-5.10,-5.10,0.19
23.22,-10.96,-11.15,-10.95,-11.14,6.00,6.33,4.07,-4.96,-4.95,0.19
23.45,-10.78,-10.97,-10.78,-10.97,6.00,6.32,4.19,-4.78,-4.78,0.19
23.69,-10.59,-10.78,-10.59,-10.78,6.00,6.32,4.30,-4.59,-4.59,0.19
23.92,-10.41,-10.60,-10.41,-10.60,6.00,6.32,4.42,-4.41,-4.41,0.19
24.16,-10.23,-10.42,-10.23,-10.42,6.00,6.32,4.54,-4.23,-4.23,0.19
24.40,-10.07,-10.26,-10.07,-10.26,6.00,6.32,4.66,-4.07,-4.07,0.19
24.65,-9.93,-10.11,-9.93,-10.12,6.00,6.32,4.79,-3.93,-3.93,0.18
24.89,-9.81,-9.99,-9.81,-9.99,6.00,6.32,4.91,-3.81,-3.81,0.18
25.14,-9.70,-9.88,-9.70,-9.88,6.00,6.32,5.04,-3.70,-3.70,0.18
25.39,-9.60,-9.78,-9.60,-9.78,6.00,6.32,5.17,-3.60,-3.60,0.18
25.65,-9.50,-9.68,-9.50,-9.68,6.00,6.32,5.30,-3.50,-3.50,0.18
25.91,-9.42,-9.59,-9.42,-9.59,6.00,6.31,5.43,-3.42,-3.42,0.17
26.16,-9.35,-9.52,-9.35,-9.52,6.00,6.31,5.56,-3.35,-3.35,0.17
26.43,-9.31,-9.48,-9.31,-9.48,6.00,6.31,5.69,-3.31,-3.31,0.17
26.69,-9.28,-9.45,-9.28,-9.45,6.00,6.31,5.82,-3.28,-3.28,0.17
26.96,-9.27,-9.44,-9.27,-9.44,6.00,6.31,5.95,-3.27,-3.27,0.17
27.23,-9.28,-9.44,-9.28,-9.44,6.00,6.31,6.07,-3.28,-3.28,0.16
27.50,-9.29,-9.45,-9.29,-9.45,6.00,6.31,6.20,-3.29,-3.29,0.16
27.77,-9.32,-9.46,-9.32,-9.47,6.00,6.30,6.31,-3.32,-3.32,0.15
28.05,-9.35,-9.50,-9.35,-9.50,6.00,6.30,6.43,-3.35,-3.35,0.15
28.33,-9.39,-9.53,-9.39,-9.54,6.00,6.30,6.54,-3.39,-3.39,0.14
28.62,-9.44,-9.58,-9.44,-9.58,6.00,6.30,6.65,-3.44,-3.44,0.14
28.90,-9.49,-9.62,-9.48,-9.62,6.00,6.30,6.74,-3.49,-3.48,0.14
29.19,-9.52,-9.65,-9.51,-9.65,6.00,6.30,6.84,-3.52,-3.51,0.13
29.48,-9.53,-9.66,-9.53,-9.66,6.00,6.29,6.92,-3.53,-3.53,0.13
29.78,-9.54,-9.66,-9.54,-9.66,6.00,6.29,7.00,-3.54,-3.54,0.12
30.08,-9.53,-9.65,-9.53,-9.65,6.00,6.29,7.06,-3.53,-3.53,0.12
30.38,-9.52,-9.63,-9.52,-9.63,6.00,6.29,7.13,-3.52,-3.52,0.11
30.68,-9.50,-9.61,-9.50,-9.60,6.00,6.29,7.17,-3.50,-3.50,0.11
30.99,-9.47,-9.56,-9.46,-9.56,6.00,6.28,7.21,-3.47,-3.46,0.10
31.30,-9.42,-9.50,-9.41,-9.51,6.00,6.28,7.24,-3.42,-3.41,0.09
31.61,-9.34,-9.43,-9.34,-9.43,6.00,6.28,7.26,-3.34,-3.34,0.09
31.93,-9.26,-9.34,-9.26,-9.34,6.00,6.28,7.27,-3.26,-3.26,0.08
32.24,-9.17,-9.24,-9.17,-9.24,6.00,6.27,7.27,-3.17,-3.17,0.07
32.57,-9.08,-9.15,-9.08,-9.15,6.00,6.27,7.26,-3.08,-3.08,0.07
32.89,-9.00,-9.06,-9.00,-9.06,6.00,6.27,7.24,-3.00,-3.00,0.06
33.22,-8.92,-8.97,-8.92,-8.98,6.00,6.27,7.21,-2.92,-2.92,0.05
33.55,-8.85,-8.89,-8.84,-8.89,6.00,6.26,7.18,-2.85,-2.84,0.05
33.89,-8.77,-8.81,-8.77,-8.81,6.00,6.26,7.13,-2.77,-2.77,0.04
34.23,-8.70,-8.72,-8.70,-8.73,6.00,6.26,7.09,-2.70,-2.70,0.03
34.57,-8.63,-8.65,-8.63,-8.65,6.00,6.25,7.03,-2.63,-2.63,0.02
34.92,-8.57,-8.58,-8.57,-8.58,6.00,6.25,6.98,-2.57,-2.57,0.01
35.27,-8.52,-8.52,-8.52,-8.52,6.00,6.25,6.91,-2.52,-2.52,-0.00
35.62,-8.48,-8.47,-8.48,-8.47,6.00,6.24,6.85,-2.48,-2.48,-0.01
35.97,-8.45,-8.43,-8.46,-8.44,6.00,6.24,6.78,-2.45,-2.46,-0.02
36.33,-8.44,-8.41,-8.44,-8.41,6.00,6.24,6.71,-2.44,-2.44,-0.03
36.70,-8.43,-8.39,-8.43,-8.39,6.00,6.23,6.64,-2.43,-2.43,-0.04
37.06,-8.42,-8.37,-8.42,-8.37,6.00,6.23,6.57,-2.42,-2.42,-0.05
37.43,-8.41,-8.35,-8.41,-8.35,6.00,6.22,6.50,-2.41,-2.41,-0.06
37.81,-8.38,-8.31,-8.39,-8.32,6.00,6.22,6.43,-2.38,-2.39,-0.07
38.19,-8.36,-8.28,-8.37,-8.29,6.00,6.21,6.36,-2.36,-2.37,-0.08
38.57,-8.34,-8.25,-8.34,-8.25,6.00,6.21,6.29,-2.34,-2.34,-0.09
38.95,-8.32,-8.22,-8.32,-8.21,6.00,6.21,6.23,-2.32,-2.32,-0.10
39.34,-8.28,-8.16,-8.28,-8.16,6.00,6.20,6.16,-2.28,-2.28,-0.12
39.74,-8.23,-8.10,-8.23,-8.10,6.00,6.19,6.11,-2.23,-2.23,-0.13
40.14,-8.17,-8.03,-8.18,-8.03,6.00,6.19,6.05,-2.17,-2.18,-0.14
40.54,-8.12,-7.97,-8.12,-7.97,6.00,6.18,6.00,-2.12,-2.12,-0.15
40.94,-8.06,-7.90,-8.06,-7.90,6.00,6.18,5.95,-2.06,-2.06,-0.16
41.35,-8.01,-7.83,-8.00,-7.83,6.00,6.17,5.90,-2.01,-2.00,-0.17
41.76,-7.95,-7.77,-7.95,-7.77,6.00,6.17,5.86,-1.95,-1.95,-0.18
42.18,-7.89,-7.70,-7.89,-7.70,6.00,6.16,5.82,-1.89,-1.89,-0.19
42.60,-7.84,-7.64,-7.84,-7.64,6.00,6.15,5.79,-1.84,-1.84,-0.20
43.03,-7.79,-7.58,-7.79,-7.57,6.00,6.15,5.76,-1.79,-1.79,-0.21
43.46,-7.74,-7.51,-7.74,-7.51,6.00,6.14,5.73,-1.74,-1.74,-0.23
43.90,-7.70,-7.45,-7.70,-7.45,6.00,6.13,5.71,-1.70,-1.70,-0.25
44.33,-7.66,-7.39,-7.67,-7.39,6.00,6.12,5.70,-1.66,-1.67,-0.27
44.78,-7.64,-7.35,-7.64,-7.35,6.00,6.12,5.68,-1.64,-1.64,-0.29
45.23,-7.61,-7.30,-7.61,-7.30,6.00,6.11,5.68,-1.61,-1.61,-0.31
45.68,-7.58,-7.26,-7.58,-7.25,6.00,6.10,5.67,-1.58,-1.58,-0.32
46.13,-7.54,-7.20,-7.54,-7.21,6.00,6.09,5.67,-1.54,-1.54,-0.34
46.60,-7.51,-7.16,-7.51,-7.16,6.00,6.08,5.68,-1.51,-1.51,-0.35
47.06,-7.48,-7.11,-7.48,-7.11,6.00,6.07,5.69,-1.48,-1.48,-0.37
47.53,-7.44,-7.05,-7.44,-7.05,6.00,6.06,5.70,-1.44,-1.44,-0.39
48.01,-7.40,-7.00,-7.40,-7.00,6.00,6.05,5.72,-1.40,-1.40,-0.40
48.49,-7.37,-6.94,-7.37,-6.94,6.00,6.04,5.74,-1.37,-1.37,-0.43
48.97,-7.34,-6.88,-7.33,-6.88,6.00,6.03,5.76,-1.34,-1.33,-0.46
49.46,-7.30,-6.81,-7.30,-6.81,6.00,6.02,5.79,-1.30,-1.30,-0.49
49.96,-7.27,-6.75,-7.27,-6.75,6.00,6.01,5.82,-1.27,-1.27,-0.52
50.46,-7.24,-6.70,-7.24,-6.70,6.00,6.00,5.85,-1.24,-1.24,-0.54
50.96,-7.22,-6.66,-7.22,-6.65,6.00,5.99,5.89,-1.22,-1.22,-0.56
51.47,-7.20,-6.61,-7.20,-6.61,6.00,5.97,5.92,-1.20,-1.20,-0.59
51.99,-7.18,-6.57,-7.17,-6.56,6.00,5.96,5.96,-1.18,-1.17,-0.61
52.51,-7.15,-6.52,-7.15,-6.52,6.00,5.95,6.00,-1.15,-1.15,-0.63
53.03,-7.12,-6.47,-7.12,-6.47,6.00,5.94,6.04,-1.12,-1.12,-0.65
53.56,-7.10,-6.42,-7.10,-6.42,6.00,5.92,6.08,-1.10,-1.10,-0.68
54.10,-7.08,-6.38,-7.08,-6.37,6.00,5.91,6.12,-1.08,-1.08,-0.70
54.64,-7.05,-6.32,-7.05,-6.32,6.00,5.89,6.16,-1.05,-1.05,-0.73
55.18,-7.03,-6.28,-7.03,-6.27,6.00,5.88,6.20,-1.02,-1.02,-0.75
55.74,-6.99,-6.21,-6.99,-6.22,6.01,5.86,6.24,-0.99,-0.99,-0.78
56.29,-6.96,-6.16,-6.96,-6.16,6.01,5.84,6.27,-0.96,-0.96,-0.80
56.86,-6.94,-6.12,-6.94,-6.11,6.00,5.83,6.30,-0.93,-0.93,-0.82
57.42,-6.91,-6.06,-6.91,-6.07,6.00,5.81,6.33,-0.92,-0.91,-0.85
58.00,-6.89,-6.02,-6.89,-6.02,5.99,5.79,6.35,-0.91,-0.91,-0.87
58.58,-6.88,-5.98,-6.88,-5.99,5.97,5.77,6.37,-0.91,-0.91,-0.89
59.16,-6.86,-5.95,-6.86,-5.95,5.95,5.75,6.38,-0.92,-0.92,-0.91
59.76,-6.86,-5.92,-6.85,-5.92,5.92,5.73,6.39,-0.93,-0.93,-0.93
60.35,-6.84,-5.88,-6.84,-5.88,5.89,5.71,6.39,-0.95,-0.96,-0.96
60.96,-6.84,-5.85,-6.84,-5.85,5.85,5.69,6.38,-0.99,-0.99,-0.99
61.57,-6.84,-5.81,-6.83,-5.81,5.81,5.67,6.37,-1.03,-1.02,-1.03
62.18,-6.83,-5.77,-6.83,-5.77,5.77,5.64,6.35,-1.06,-1.06,-1.06
62.80,-6.82,-5.73,-6.82,-5.73,5.73,5.62,6.32,-1.09,-1.09,-1.09
63.43,-6.81,-5.69,-6.81,-5.69,5.69,5.59,6.28,-1.12,-1.12,-1.12
64.07,-6.79,-5.64,-6.79,-5.65,5.65,5.57,6.24,-1.15,-1.15,-1.15
64.71,-6.78,-5.61,-6.78,-5.61,5.61,5.54,6.19,-1.17,-1.17,-1.17
65.35,-6.77,-5.57,-6.77,-5.57,5.57,5.51,6.13,-1.20,-1.20,-1.20
66.01,-6.77,-5.53,-6.76,-5.53,5.54,5.48,6.07,-1.23,-1.23,-1.23
66.67,-6.76,-5.50,-6.76,-5.50,5.50,5.46,6.00,-1.26,-1.26,-1.26
67.33,-6.76,-5.47,-6.76,-5.47,5.47,5.42,5.92,-1.29,-1.29,-1.29
68.01,-6.75,-5.43,-6.76,-5.44,5.44,5.39,5.84,-1.32,-1.32,-1.32
68.69,-6.76,-5.41,-6.76,-5.41,5.41,5.36,5.75,-1.35,-1.35,-1.35
69.37,-6.76,-5.38,-6.76,-5.38,5.38,5.33,5.66,-1.38,-1.38,-1.38
70.07,-6.75,-5.34,-6.76,-5.35,5.34,5.29,5.57,-1.41,-1.41,-1.41
70.77,-6.75,-5.31,-6.75,-5.31,5.30,5.25,5.47,-1.45,-1.45,-1.44
71.48,-6.74,-5.27,-6.74,-5.27,5.26,5.22,5.37,-1.48,-1.48,-1.47
72.19,-6.73,-5.22,-6.73,-5.22,5.22,5.18,5.27,-1.51,-1.51,-1.51
72.91,-6.72,-5.18,-6.72,-5.17,5.17,5.14,5.16,-1.55,-1.55,-1.54
73.64,-6.70,-5.12,-6.70,-5.12,5.12,5.10,5.06,-1.58,-1.58,-1.58
74.38,-6.68,-5.07,-6.68,-5.06,5.07,5.05,4.95,-1.61,-1.61,-1.61
75.12,-6.66,-5.01,-6.66,-5.01,5.02,5.01,4.84,-1.64,-1.64,-1.65
75.87,-6.64,-4.96,-6.65,-4.97,4.97,4.96,4.74,-1.67,-1.67,-1.68
76.63,-6.63,-4.92,-6.63,-4.92,4.92,4.92,4.63,-1.71,-1.71,-1.71
77.40,-6.62,-4.88,-6.62,-4.87,4.87,4.87,4.53,-1.75,-1.75,-1.74
78.17,-6.60,-4.82,-6.60,-4.82,4.82,4.82,4.42,-1.78,-1.78,-1.78
78.95,-6.58,-4.77,-6.58,-4.76,4.76,4.77,4.32,-1.81,-1.81,-1.81
79.74,-6.55,-4.71,-6.55,-4.71,4.71,4.71,4.22,-1.84,-1.84,-1.84
80.54,-6.52,-4.64,-6.53,-4.65,4.65,4.66,4.12,-1.87,-1.88,-1.88
81.35,-6.50,-4.59,-6.50,-4.59,4.59,4.60,4.03,-1.91,-1.91,-1.91
82.16,-6.48,-4.53,-6.48,-4.53,4.53,4.55,3.93,-1.95,-1.95,-1.95
82.98,-6.45,-4.47,-6.45,-4.47,4.47,4.49,3.84,-1.98,-1.99,-1.98
83.81,-6.43,-4.41,-6.43,-4.41,4.41,4.43,3.75,-2.02,-2.02,-2.02
84.65,-6.40,-4.34,-6.40,-4.34,4.34,4.37,3.66,-2.06,-2.06,-2.06
85.50,-6.37,-4.28,-6.37,-4.28,4.27,4.31,3.58,-2.10,-2.10,-2.09
86.35,-6.34,-4.21,-6.34,-4.21,4.20,4.24,3.49,-2.14,-2.14,-2.13
87.22,-6.31,-4.14,-6.30,-4.14,4.13,4.18,3.41,-2.17,-2.17,-2.17
88.09,-6.27,-4.06,-6.27,-4.06,4.06,4.11,3.33,-2.21,-2.21,-2.21
88.97,-6.24,-3.99,-6.24,-3.99,4.00,4.05,3.26,-2.24,-2.25,-2.25
89.86,-6.22,-3.92,-6.22,-3.92,3.93,3.98,3.19,-2.29,-2.29,-2.29
90.76,-6.20,-3.86,-6.20,-3.86,3.86,3.91,3.12,-2.33,-2.33,-2.34
91.66,-6.18,-3.80,-6.18,-3.80,3.80,3.84,3.05,-2.38,-2.38,-2.38
92.58,-6.17,-3.74,-6.16,-3.74,3.73,3.77,2.98,-2.43,-2.43,-2.43
93.51,-6.15,-3.68,-6.15,-3.68,3.67,3.70,2.92,-2.48,-2.48,-2.47
94.44,-6.12,-3.61,-6.13,-3.61,3.61,3.63,2.86,-2.52,-2.52,-2.51
95.39,-6.10,-3.54,-6.10,-3.54,3.55,3.55,2.80,-2.56,-2.56,-2.56
96.34,-6.09,-3.48,-6.09,-3.48,3.49,3.48,2.75,-2.60,-2.60,-2.61
97.30,-6.07,-3.41,-6.07,-3.41,3.43,3.40,2.69,-2.65,-2.65,-2.66
98.28,-6.07,-3.35,-6.07,-3.36,3.37,3.33,2.64,-2.70,-2.70,-2.71
99.26,-6.07,-3.31,-6.06,-3.31,3.31,3.25,2.59,-2.76,-2.76,-2.75
100.25,-6.06,-3.26,-6.06,-3.26,3.25,3.18,2.54,-2.81,-2.81,-2.80
101.25,-6.05,-3.20,-6.05,-3.20,3.19,3.10,2.49,-2.86,-2.86,-2.85
102.27,-6.03,-3.13,-6.03,-3.13,3.12,3.03,2.45,-2.91,-2.91,-2.90
103.29,-6.01,-3.06,-6.00,-3.06,3.06,2.95,2.40,-2.95,-2.95,-2.95
104.32,-5.98,-2.99,-5.98,-2.98,2.98,2.87,2.36,-2.99,-3.00,-2.99
105.37,-5.95,-2.90,-5.95,-2.91,2.91,2.79,2.32,-3.04,-3.04,-3.04
106.42,-5.92,-2.83,-5.92,-2.83,2.83,2.72,2.28,-3.09,-3.09,-3.09
107.48,-5.90,-2.76,-5.89,-2.75,2.75,2.64,2.24,-3.15,-3.14,-3.14
108.56,-5.86,-2.67,-5.86,-2.67,2.68,2.56,2.20,-3.18,-3.18,-3.19
109.64,-5.83,-2.59,-5.83,-2.59,2.61,2.48,2.16,-3.22,-3.22,-3.24
110.74,-5.81,-2.52,-5.82,-2.52,2.54,2.40,2.12,-3.27,-3.27,-3.29
111.85,-5.81,-2.47,-5.81,-2.47,2.47,2.33,2.08,-3.33,-3.34,-3.34
112.97,-5.81,-2.41,-5.81,-2.41,2.41,2.25,2.04,-3.40,-3.40,-3.40
114.10,-5.81,-2.36,-5.81,-2.35,2.34,2.17,2.00,-3.47,-3.46,-3.45
115.24,-5.79,-2.28,-5.79,-2.29,2.27,2.09,1.96,-3.52,-3.52,-3.51
116.39,-5.78,-2.22,-5.77,-2.21,2.20,2.01,1.92,-3.58,-3.57,-3.56
117.55,-5.74,-2.12,-5.74,-2.12,2.12,1.94,1.88,-3.62,-3.62,-3.62
118.73,-5.70,-2.03,-5.70,-2.03,2.03,1.86,1.84,-3.67,-3.67,-3.67
119.92,-5.66,-1.94,-5.66,-1.94,1.94,1.78,1.80,-3.72,-3.72,-3.72
121.12,-5.61,-1.84,-5.62,-1.84,1.85,1.71,1.75,-3.77,-3.77,-3.77
122.33,-5.57,-1.75,-5.57,-1.75,1.75,1.63,1.71,-3.82,-3.82,-3.82
123.55,-5.52,-1.65,-5.51,-1.64,1.65,1.55,1.66,-3.87,-3.87,-3.87
124.79,-5.46,-1.54,-5.46,-1.54,1.54,1.48,1.61,-3.92,-3.92,-3.92
126.03,-5.42,-1.44,-5.42,-1.44,1.44,1.40,1.56,-3.97,-3.97,-3.97
127.29,-5.37,-1.35,-5.37,-1.34,1.34,1.32,1.51,-4.03,-4.02,-4.02
128.57,-5.32,-1.24,-5.32,-1.24,1.25,1.25,1.46,-4.08,-4.08,-4.08
129.85,-5.27,-1.14,-5.28,-1.15,1.15,1.17,1.40,-4.12,-4.13,-4.13
131.15,-5.23,-1.05,-5.23,-1.05,1.06,1.10,1.35,-4.17,-4.17,-4.18
132.46,-5.19,-0.96,-5.19,-0.96,0.97,1.02,1.29,-4.22,-4.22,-4.23
133.79,-5.15,-0.88,-5.15,-0.88,0.88,0.95,1.23,-4.27,-4.28,-4.27
135.12,-5.12,-0.80,-5.12,-0.80,0.79,0.87,1.17,-4.33,-4.32,-4.32
136.48,-5.08,-0.72,-5.08,-0.71,0.71,0.80,1.11,-4.37,-4.37,-4.36
137.84,-5.03,-0.62,-5.04,-0.62,0.62,0.73,1.04,-4.41,-4.41,-4.41
139.22,-4.99,-0.53,-4.99,-0.54,0.54,0.65,0.98,-4.45,-4.45,-4.46
140.61,-4.95,-0.45,-4.95,-0.45,0.46,0.58,0.91,-4.49,-4.49,-4.50
142.02,-4.91,-0.38,-4.91,-0.37,0.37,0.51,0.84,-4.53,-4.53,-4.53
143.44,-4.86,-0.29,-4.86,-0.29,0.29,0.44,0.77,-4.57,-4.57,-4.57
144.87,-4.82,-0.21,-4.82,-0.21,0.21,0.37,0.71,-4.61,-4.61,-4.61
146.32,-4.78,-0.13,-4.78,-0.13,0.12,0.29,0.63,-4.65,-4.65,-4.65
147.78,-4.73,-0.05,-4.73,-0.04,0.04,0.22,0.56,-4.69,-4.69,-4.68
149.26,-4.68,0.04,-4.68,0.05,-0.05,0.15,0.49,-4.73,-4.73,-4.72
150.75,-4.62,0.14,-4.63,0.13,-0.14,0.08,0.42,-4.76,-4.76,-4.76
152.26,-4.58,0.22,-4.57,0.23,-0.22,0.01,0.34,-4.80,-4.80,-4.80
153.78,-4.53,0.31,-4.53,0.31,-0.31,-0.06,0.27,-4.84,-4.84,-4.84
155.32,-4.48,0.40,-4.48,0.40,-0.39,-0.13,0.19,-4.87,-4.88,-4.88
156.88,-4.45,0.48,-4.44,0.48,-0.48,-0.20,0.12,-4.92,-4.92,-4.92
158.44,-4.41,0.55,-4.41,0.55,-0.55,-0.27,0.04,-4.96,-4.96,-4.96
160.03,-4.38,0.63,-4.37,0.63,-0.62,-0.34,-0.03,-5.00,-5.00,-5.00
161.63,-4.34,0.70,-4.34,0.70,-0.69,-0.41,-0.11,-5.03,-5.03,-5.04
163.24,-4.31,0.77,-4.31,0.76,-0.76,-0.47,-0.19,-5.07,-5.07,-5.08
164.88,-4.29,0.82,-4.29,0.82,-0.82,-0.54,-0.27,-5.11,-5.11,-5.11
166.53,-4.27,0.88,-4.27,0.88,-0.89,-0.61,-0.35,-5.16,-5.16,-5.15
168.19,-4.26,0.93,-4.25,0.94,-0.96,-0.68,-0.43,-5.22,-5.21,-5.19
169.87,-4.21,1.02,-4.22,1.02,-1.03,-0.75,-0.51,-5.24,-5.24,-5.23
171.57,-4.17,1.10,-4.17,1.10,-1.10,-0.82,-0.59,-5.27,-5.27,-5.27
173.29,-4.11,1.19,-4.12,1.19,-1.17,-0.88,-0.67,-5.29,-5.29,-5.30
175.02,-4.07,1.27,-4.08,1.26,-1.25,-0.95,-0.76,-5.32,-5.33,-5.34
176.77,-4.05,1.33,-4.05,1.33,-1.32,-1.02,-0.84,-5.37,-5.37,-5.38
178.54,-4.02,1.40,-4.02,1.40,-1.40,-1.09,-0.92,-5.42,-5.42,-5.42
180.32,-3.99,1.47,-3.99,1.47,-1.48,-1.16,-1.01,-5.47,-5.47,-5.46
182.13,-3.96,1.53,-3.96,1.54,-1.55,-1.22,-1.09,-5.51,-5.51,-5.49
183.95,-3.91,1.62,-3.91,1.62,-1.62,-1.29,-1.18,-5.53,-5.54,-5.53
185.79,-3.86,1.70,-3.87,1.70,-1.70,-1.36,-1.27,-5.56,-5.56,-5.56
187.65,-3.82,1.78,-3.82,1.78,-1.77,-1.42,-1.35,-5.60,-5.60,-5.60
189.52,-3.78,1.85,-3.78,1.85,-1.85,-1.49,-1.44,-5.63,-5.63,-5.63
191.42,-3.75,1.91,-3.74,1.92,-1.92,-1.56,-1.53,-5.67,-5.67,-5.66
193.33,-3.71,1.99,-3.71,1.99,-1.99,-1.62,-1.62,-5.70,-5.70,-5.69
195.27,-3.67,2.05,-3.67,2.05,-2.05,-1.69,-1.71,-5.72,-5.72,-5.72
197.22,-3.64,2.11,-3.64,2.11,-2.09,-1.75,-1.80,-5.73,-5.73,-5.75
199.19,-3.62,2.16,-3.63,2.15,-2.12,-1.82,-1.89,-5.75,-5.75,-5.78
201.18,-3.62,2.18,-3.63,2.18,-2.15,-1.88,-1.98,-5.77,-5.77,-5.80
203.19,-3.64,2.18,-3.64,2.18,-2.17,-1.94,-2.07,-5.81,-5.81,-5.82
205.23,-3.66,2.18,-3.66,2.17,-2.18,-2.01,-2.16,-5.84,-5.84,-5.84
207.28,-3.68,2.17,-3.68,2.17,-2.20,-2.07,-2.25,-5.88,-5.88,-5.85
209.35,-3.69,2.18,-3.69,2.19,-2.22,-2.13,-2.34,-5.91,-5.90,-5.87
211.44,-3.67,2.22,-3.67,2.21,-2.25,-2.19,-2.43,-5.92,-5.92,-5.89
213.56,-3.64,2.26,-3.63,2.27,-2.29,-2.25,-2.51,-5.92,-5.92,-5.90
215.69,-3.58,2.32,-3.58,2.33,-2.33,-2.31,-2.60,-5.91,-5.91,-5.90
217.85,-3.51,2.40,-3.52,2.39,-2.38,-2.36,-2.68,-5.89,-5.90,-5.91
220.03,-3.46,2.46,-3.46,2.46,-2.43,-2.42,-2.77,-5.90,-5.90,-5.92
222.23,-3.42,2.51,-3.42,2.51,-2.49,-2.47,-2.85,-5.91,-5.91,-5.93
224.45,-3.39,2.55,-3.39,2.55,-2.54,-2.53,-2.93,-5.92,-5.92,-5.93
226.70,-3.35,2.58,-3.35,2.58,-2.58,-2.58,-3.00,-5.93,-5.93,-5.93
228.96,-3.32,2.61,-3.31,2.61,-2.62,-2.63,-3.07,-5.94,-5.94,-5.93
231.25,-3.28,2.64,-3.28,2.65,-2.66,-2.67,-3.14,-5.93,-5.93,-5.92
233.57,-3.24,2.69,-3.23,2.69,-2.69,-2.72,-3.21,-5.93,-5.93,-5.92
235.90,-3.19,2.73,-3.19,2.73,-2.73,-2.76,-3.27,-5.92,-5.92,-5.92
238.26,-3.14,2.77,-3.15,2.77,-2.76,-2.80,-3.33,-5.90,-5.91,-5.91
240.64,-3.10,2.80,-3.10,2.80,-2.80,-2.84,-3.38,-5.90,-5.90,-5.90
243.05,-3.06,2.84,-3.06,2.83,-2.84,-2.88,-3.43,-5.89,-5.89,-5.89
245.48,-3.01,2.87,-3.01,2.87,-2.88,-2.92,-3.47,-5.89,-5.89,-5.88
247.93,-2.96,2.91,-2.96,2.91,-2.92,-2.95,-3.52,-5.88,-5.88,-5.87
250.41,-2.90,2.96,-2.90,2.96,-2.96,-2.99,-3.55,-5.86,-5.86,-5.86
252.92,-2.84,3.00,-2.84,3.00,-3.00,-3.02,-3.58,-5.84,-5.84,-5.84
255.45,-2.78,3.04,-2.78,3.04,-3.04,-3.04,-3.61,-5.82,-5.82,-5.82
258.00,-2.73,3.08,-2.73,3.08,-3.07,-3.07,-3.63,-5.80,-5.80,-5.81
260.58,-2.68,3.11,-2.68,3.11,-3.11,-3.10,-3.65,-5.79,-5.79,-5.79
263.19,-2.63,3.14,-2.63,3.14,-3.14,-3.12,-3.66,-5.77,-5.77,-5.77
265.82,-2.58,3.17,-2.58,3.17,-3.17,-3.14,-3.67,-5.75,-5.75,-5.75
268.48,-2.54,3.19,-2.54,3.19,-3.19,-3.16,-3.68,-5.73,-5.73,-5.73
271.16,-2.49,3.22,-2.49,3.22,-3.22,-3.18,-3.68,-5.71,-5.71,-5.71
273.87,-2.45,3.24,-2.45,3.24,-3.24,-3.20,-3.68,-5.69,-5.69,-5.69
276.61,-2.41,3.26,-2.41,3.26,-3.26,-3.21,-3.67,-5.67,-5.67,-5.67
279.38,-2.37,3.28,-2.37,3.28,-3.28,-3.23,-3.67,-5.65,-5.65,-5.65
282.17,-2.33,3.30,-2.33,3.30,-3.30,-3.24,-3.66,-5.63,-5.63,-5.63
284.99,-2.29,3.32,-2.29,3.32,-3.33,-3.26,-3.65,-5.62,-5.62,-5.61
287.84,-2.25,3.34,-2.25,3.34,-3.35,-3.27,-3.64,-5.60,-5.60,-5.59
290.72,-2.20,3.37,-2.20,3.37,-3.37,-3.28,-3.63,-5.57,-5.57,-5.57
293.63,-2.15,3.40,-2.16,3.39,-3.39,-3.29,-3.62,-5.55,-5.55,-5.55
296.57,-2.11,3.42,-2.11,3.42,-3.42,-3.30,-3.61,-5.53,-5.53,-5.53
299.53,-2.07,3.44,-2.07,3.44,-3.43,-3.31,-3.60,-5.51,-5.51,-5.51
302.53,-2.03,3.46,-2.03,3.46,-3.45,-3.32,-3.59,-5.48,-5.48,-5.49
305.55,-1.99,3.47,-1.99,3.47,-3.47,-3.33,-3.58,-5.46,-5.46,-5.46
308.61,-1.95,3.49,-1.95,3.48,-3.48,-3.34,-3.57,-5.44,-5.43,-5.44
311.69,-1.92,3.49,-1.92,3.49,-3.49,-3.35,-3.57,-5.41,-5.41,-5.41
314.81,-1.88,3.50,-1.88,3.50,-3.50,-3.36,-3.56,-5.39,-5.39,-5.38
317.96,-1.85,3.51,-1.85,3.51,-3.52,-3.37,-3.56,-5.37,-5.37,-5.36
321.14,-1.82,3.52,-1.82,3.52,-3.53,-3.38,-3.56,-5.34,-5.34,-5.34
324.35,-1.78,3.54,-1.78,3.54,-3.54,-3.40,-3.56,-5.32,-5.32,-5.32
327.59,-1.75,3.55,-1.75,3.55,-3.55,-3.41,-3.56,-5.30,-5.30,-5.30
330.87,-1.72,3.57,-1.72,3.57,-3.56,-3.42,-3.57,-5.28,-5.28,-5.28
334.18,-1.68,3.58,-1.68,3.58,-3.57,-3.43,-3.57,-5.26,-5.26,-5.26
337.52,-1.65,3.59,-1.65,3.59,-3.59,-3.45,-3.59,-5.24,-5.24,-5.24
340.90,-1.62,3.60,-1.62,3.60,-3.61,-3.46,-3.60,-5.23,-5.23,-5.22
344.30,-1.58,3.62,-1.58,3.62,-3.63,-3.47,-3.61,-5.21,-5.21,-5.20
347.75,-1.54,3.64,-1.54,3.64,-3.65,-3.49,-3.63,-5.19,-5.19,-5.18
351.23,-1.49,3.67,-1.49,3.67,-3.67,-3.51,-3.65,-5.16,-5.16,-5.16
354.74,-1.44,3.70,-1.44,3.70,-3.70,-3.52,-3.68,-5.14,-5.14,-5.14
358.28,-1.40,3.73,-1.40,3.73,-3.72,-3.54,-3.71,-5.12,-5.12,-5.13
361.87,-1.36,3.75,-1.36,3.75,-3.74,-3.56,-3.74,-5.10,-5.10,-5.11
365.49,-1.33,3.76,-1.33,3.77,-3.76,-3.58,-3.77,-5.09,-5.09,-5.09
369.14,-1.30,3.78,-1.30,3.78,-3.78,-3.60,-3.80,-5.08,-5.08,-5.08
372.83,-1.27,3.79,-1.27,3.79,-3.80,-3.62,-3.84,-5.06,-5.06,-5.06
376.56,-1.24,3.81,-1.24,3.81,-3.80,-3.64,-3.88,-5.04,-5.04,-5.05
380.33,-1.22,3.81,-1.22,3.81,-3.81,-3.66,-3.93,-5.03,-5.03,-5.03
384.13,-1.20,3.82,-1.20,3.82,-3.82,-3.68,-3.98,-5.01,-5.02,-5.02
387.97,-1.19,3.82,-1.19,3.82,-3.82,-3.71,-4.02,-5.01,-5.01,-5.01
391.85,-1.17,3.83,-1.17,3.83,-3.83,-3.73,-4.08,-5.00,-5.00,-5.00
395.77,-1.16,3.83,-1.16,3.83,-3.84,-3.76,-4.13,-4.99,-4.99,-4.98
399.73,-1.14,3.83,-1.13,3.84,-3.85,-3.78,-4.18,-4.98,-4.98,-4.97
403.72,-1.11,3.85,-1.11,3.85,-3.86,-3.81,-4.24,-4.97,-4.97,-4.96
407.76,-1.08,3.87,-1.08,3.87,-3.87,-3.84,-4.30,-4.95,-4.95,-4.95
411.84,-1.04,3.90,-1.04,3.90,-3.89,-3.87,-4.36,-4.94,-4.94,-4.94
415.96,-1.01,3.92,-1.01,3.92,-3.92,-3.90,-4.42,-4.93,-4.93,-4.93
420.12,-0.98,3.94,-0.97,3.95,-3.94,-3.93,-4.48,-4.92,-4.92,-4.92
424.32,-0.94,3.97,-0.94,3.97,-3.97,-3.96,-4.54,-4.91,-4.91,-4.91
428.56,-0.90,4.00,-0.90,4.00,-4.00,-3.99,-4.60,-4.90,-4.91,-4.90
432.85,-0.87,4.03,-0.86,4.03,-4.03,-4.02,-4.66,-4.90,-4.89,-4.89
437.18,-0.82,4.06,-0.81,4.06,-4.07,-4.05,-4.72,-4.88,-4.88,-4.88
441.55,-0.76,4.10,-0.76,4.10,-4.10,-4.08,-4.78,-4.86,-4.86,-4.86
445.96,-0.72,4.13,-0.71,4.14,-4.14,-4.12,-4.84,-4.85,-4.85,-4.85
450.42,-0.66,4.18,-0.66,4.17,-4.18,-4.15,-4.89,-4.84,-4.84,-4.84
454.93,-0.62,4.20,-0.62,4.21,-4.21,-4.19,-4.94,-4.83,-4.83,-4.82
459.48,-0.57,4.24,-0.56,4.25,-4.25,-4.22,-4.99,-4.82,-4.81,-4.81
464.07,-0.51,4.29,-0.51,4.29,-4.28,-4.26,-5.03,-4.79,-4.79,-4.80
468.71,-0.46,4.33,-0.46,4.32,-4.31,-4.29,-5.07,-4.77,-4.77,-4.78
473.40,-0.42,4.36,-0.42,4.35,-4.34,-4.33,-5.11,-4.75,-4.75,-4.77
478.13,-0.39,4.36,-0.39,4.36,-4.36,-4.36,-5.14,-4.75,-4.75,-4.75
482.91,-0.36,4.38,-0.36,4.37,-4.38,-4.40,-5.17,-4.75,-4.75,-4.74
487.74,-0.34,4.38,-0.33,4.39,-4.40,-4.44,-5.19,-4.75,-4.73,-4.72
492.62,-0.29,4.41,-0.29,4.42,-4.42,-4.47,-5.20,-4.71,-4.71,-4.70
497.55,-0.23,4.46,-0.25,4.44,-4.44,-4.51,-5.21,-4.67,-4.69,-4.69
502.52,-0.22,4.45,-0.21,4.46,-4.46,-4.55,-5.22,-4.68,-4.67,-4.67
507.55,-0.19,4.48,-0.17,4.48,-4.48,-4.59,-5.21,-4.66,-4.65,-4.66
512.62,-0.13,4.51,-0.14,4.50,-4.50,-4.62,-5.21,-4.63,-4.64,-4.64
517.75,-0.10,4.52,-0.11,4.51,-4.52,-4.66,-5.19,-4.62,-4.62,-4.62
522.93,-0.09,4.52,-0.07,4.53,-4.53,-4.70,-5.18,-4.62,-4.60,-4.60
528.16,-0.04,4.55,-0.04,4.55,-4.55,-4.73,-5.15,-4.59,-4.59,-4.59
533.44,0.01,4.58,-0.00,4.57,-4.57,-4.77,-5.12,-4.55,-4.57,-4.57
538.77,0.03,4.58,0.03,4.58,-4.58,-4.81,-5.09,-4.55,-4.55,-4.55
544.16,0.07,4.60,0.06,4.60,-4.60,-4.84,-5.05,-4.53,-4.53,-4.53
549.60,0.09,4.60,0.10,4.61,-4.61,-4.88,-5.01,-4.52,-4.52,-4.51
555.10,0.13,4.63,0.14,4.63,-4.63,-4.92,-4.97,-4.50,-4.49,-4.50
560.65,0.18,4.66,0.17,4.65,-4.65,-4.95,-4.92,-4.47,-4.48,-4.48
566.25,0.21,4.67,0.21,4.67,-4.67,-4.99,-4.87,-4.46,-4.46,-4.46
571.92,0.24,4.69,0.24,4.69,-4.69,-5.02,-4.82,-4.46,-4.45,-4.45
577.64,0.27,4.71,0.27,4.71,-4.72,-5.05,-4.77,-4.45,-4.45,-4.44
583.41,0.32,4.74,0.32,4.74,-4.75,-5.09,-4.72,-4.43,-4.43,-4.42
589.25,0.37,4.78,0.38,4.79,-4.78,-5.12,-4.67,-4.41,-4.41,-4.41
595.14,0.45,4.84,0.43,4.83,-4.82,-5.15,-4.61,-4.37,-4.39,-4.39
601.09,0.48,4.86,0.48,4.86,-4.86,-5.18,-4.56,-4.38,-4.38,-4.38
607.10,0.53,4.89,0.54,4.90,-4.91,-5.21,-4.51,-4.38,-4.37,-4.36
613.17,0.59,4.93,0.61,4.96,-4.95,-5.24,-4.46,-4.37,-4.34,-4.34
619.30,0.72,5.04,0.69,5.01,-5.00,-5.27,-4.41,-4.28,-4.31,-4.32
625.50,0.77,5.07,0.75,5.05,-5.05,-5.29,-4.36,-4.28,-4.30,-4.30
631.75,0.78,5.07,0.81,5.09,-5.10,-5.32,-4.32,-4.32,-4.29,-4.29
638.07,0.86,5.13,0.86,5.13,-5.16,-5.34,-4.27,-4.30,-4.30,-4.27
644.45,0.94,5.20,0.94,5.20,-5.21,-5.36,-4.23,-4.27,-4.27,-4.26
650.89,1.03,5.27,1.02,5.26,-5.27,-5.39,-4.19,-4.24,-4.25,-4.24
657.40,1.09,5.32,1.08,5.31,-5.31,-5.40,-4.16,-4.22,-4.23,-4.23
663.98,1.10,5.31,1.13,5.34,-5.34,-5.42,-4.12,-4.24,-4.21,-4.21
670.62,1.18,5.38,1.18,5.38,-5.35,-5.44,-4.09,-4.16,-4.17,-4.20
677.32,1.21,5.40,1.20,5.39,-5.34,-5.45,-4.07,-4.13,-4.14,-4.19
684.10,1.21,5.39,1.20,5.38,-5.32,-5.46,-4.04,-4.10,-4.12,-4.18
690.94,1.15,5.31,1.14,5.30,-5.28,-5.47,-4.02,-4.13,-4.14,-4.16
697.85,1.06,5.21,1.07,5.22,-5.24,-5.48,-4.00,-4.18,-4.17,-4.15
704.83,0.99,5.13,1.02,5.16,-5.19,-5.49,-3.99,-4.20,-4.17,-4.14
711.87,1.00,5.13,1.01,5.14,-5.15,-5.49,-3.97,-4.15,-4.15,-4.13
718.99,1.04,5.16,1.01,5.13,-5.14,-5.49,-3.96,-4.10,-4.13,-4.12
726.18,1.04,5.15,1.02,5.13,-5.15,-5.49,-3.96,-4.12,-4.13,-4.11
733.44,1.02,5.12,1.07,5.16,-5.20,-5.49,-3.96,-4.18,-4.14,-4.10
740.78,1.15,5.23,1.16,5.24,-5.29,-5.48,-3.96,-4.14,-4.13,-4.08
748.19,1.31,5.38,1.29,5.37,-5.41,-5.48,-3.96,-4.10,-4.12,-4.07
755.67,1.47,5.54,1.46,5.52,-5.56,-5.46,-3.97,-4.09,-4.10,-4.07
763.23,1.60,5.66,1.63,5.69,-5.71,-5.45,-3.97,-4.11,-4.08,-4.06
770.86,1.80,5.85,1.80,5.85,-5.86,-5.43,-3.98,-4.06,-4.06,-4.05
778.57,1.99,6.03,1.96,6.00,-5.97,-5.42,-4.00,-3.98,-4.00,-4.04
786.35,2.09,6.12,2.11,6.15,-6.04,-5.39,-4.01,-3.94,-3.92,-4.03
794.22,2.19,6.22,2.21,6.23,-6.07,-5.37,-4.03,-3.88,-3.86,-4.03
802.16,2.25,6.27,2.19,6.21,-6.09,-5.34,-4.05,-3.84,-3.90,-4.02
810.18,2.13,6.14,2.07,6.09,-6.09,-5.31,-4.07,-3.96,-4.01,-4.01
818.28,1.87,5.88,1.93,5.93,-6.08,-5.28,-4.10,-4.21,-4.15,-4.01
826.46,1.78,5.78,1.85,5.85,-6.07,-5.24,-4.12,-4.28,-4.22,-4.00
834.73,1.89,5.89,1.90,5.90,-6.04,-5.20,-4.14,-4.15,-4.14,-4.00
843.08,2.07,6.06,2.04,6.03,-6.02,-5.16,-4.17,-3.95,-3.98,-3.99
851.51,2.15,6.14,2.12,6.11,-6.00,-5.11,-4.19,-3.85,-3.88,-3.99
860.02,2.15,6.13,2.11,6.09,-5.98,-5.06,-4.22,-3.83,-3.87,-3.98
868.62,1.95,5.93,2.03,6.01,-5.94,-5.01,-4.24,-3.99,-3.91,-3.98
877.31,1.94,5.91,1.91,5.88,-5.87,-4.96,-4.26,-3.94,-3.96,-3.97
886.08,1.80,5.76,1.79,5.75,-5.76,-4.90,-4.28,-3.96,-3.97,-3.96
894.94,1.65,5.60,1.67,5.62,-5.61,-4.84,-4.30,-3.96,-3.94,-3.95
903.89,1.50,5.45,1.48,5.42,-5.43,-4.77,-4.31,-3.93,-3.95,-3.95
912.93,1.30,5.24,1.28,5.22,-5.23,-4.71,-4.33,-3.93,-3.95,-3.94
922.06,1.04,4.97,1.09,5.02,-5.04,-4.64,-4.34,-4.00,-3.95,-3.93
931.28,0.91,4.84,0.91,4.84,-4.84,-4.56,-4.34,-3.93,-3.93,-3.93
940.59,0.76,4.68,0.73,4.65,-4.66,-4.49,-4.34,-3.90,-3.93,-3.92
950.00,0.59,4.51,0.57,4.48,-4.49,-4.41,-4.34,-3.90,-3.92,-3.91
959.50,0.35,4.25,0.41,4.30,-4.34,-4.33,-4.32,-3.99,-3.94,-3.90
969.09,0.27,4.16,0.26,4.15,-4.21,-4.24,-4.31,-3.94,-3.95,-3.88
978.78,0.18,4.05,0.15,4.02,-4.08,-4.15,-4.28,-3.91,-3.94,-3.87
988.57,0.06,3.92,0.10,3.96,-3.95,-4.06,-4.26,-3.89,-3.85,-3.86
998.46,-0.00,3.84,0.02,3.87,-3.80,-3.97,-4.22,-3.80,-3.78,-3.84
1008.44,0.00,3.82,-0.09,3.73,-3.64,-3.88,-4.18,-3.64,-3.73,-3.82
1018.53,-0.26,3.54,-0.24,3.56,-3.47,-3.78,-4.13,-3.73,-3.71,-3.80
1028.71,-0.48,3.30,-0.43,3.35,-3.29,-3.68,-4.08,-3.76,-3.72,-3.78
1039.00,-0.67,3.10,-0.69,3.08,-3.10,-3.57,-4.02,-3.77,-3.79,-3.76
1049.39,-0.83,2.91,-0.91,2.83,-2.92,-3.47,-3.95,-3.74,-3.83,-3.74
1059.88,-1.18,2.54,-1.07,2.65,-2.73,-3.36,-3.88,-3.91,-3.80,-3.72
1070.48,-1.22,2.47,-1.18,2.51,-2.57,-3.25,-3.80,-3.79,-3.75,-3.69
1081.19,-1.16,2.50,-1.26,2.40,-2.43,-3.14,-3.72,-3.58,-3.69,-3.66
1092.00,-1.30,2.33,-1.29,2.34,-2.29,-3.03,-3.63,-3.59,-3.59,-3.63
1102.92,-1.43,2.17,-1.36,2.24,-2.18,-2.91,-3.54,-3.60,-3.53,-3.60
1113.95,-1.41,2.16,-1.45,2.12,-2.08,-2.79,-3.44,-3.49,-3.53,-3.57
1125.09,-1.46,2.07,-1.49,2.04,-2.00,-2.67,-3.34,-3.47,-3.49,-3.53
1136.34,-1.58,1.91,-1.54,1.95,-1.95,-2.55,-3.24,-3.52,-3.48,-3.49
1147.70,-1.58,1.86,-1.62,1.82,-1.92,-2.43,-3.13,-3.50,-3.54,-3.44
1159.18,-1.65,1.75,-1.66,1.74,-1.89,-2.31,-3.02,-3.54,-3.56,-3.40
1170.77,-1.68,1.68,-1.57,1.78,-1.87,-2.19,-2.91,-3.55,-3.44,-3.36
1182.48,-1.47,1.84,-1.46,1.86,-1.84,-2.06,-2.79,-3.31,-3.29,-3.31
1194.30,-1.20,2.06,-1.34,1.92,-1.80,-1.93,-2.68,-3.00,-3.14,-3.26
1206.25,-1.32,1.89,-1.27,1.94,-1.74,-1.81,-2.56,-3.06,-3.01,-3.21
1218.31,-1.38,1.77,-1.35,1.80,-1.69,-1.68,-2.44,-3.07,-3.04,-3.15
1230.49,-1.44,1.66,-1.54,1.57,-1.62,-1.55,-2.33,-3.06,-3.16,-3.10
1242.80,-1.70,1.35,-1.62,1.43,-1.54,-1.42,-2.21,-3.24,-3.16,-3.05
1255.22,-1.78,1.21,-1.68,1.31,-1.43,-1.29,-2.09,-3.21,-3.11,-2.99
1267.78,-1.58,1.35,-1.73,1.20,-1.29,-1.16,-1.97,-2.88,-3.02,-2.93
1280.45,-1.73,1.14,-1.70,1.17,-1.14,-1.04,-1.85,-2.87,-2.83,-2.87
1293.26,-1.79,1.01,-1.70,1.11,-0.98,-0.91,-1.73,-2.77,-2.68,-2.80
1306.19,-1.69,1.05,-1.79,0.94,-0.83,-0.78,-1.61,-2.52,-2.62,-2.74
1319.25,-1.88,0.79,-1.93,0.74,-0.68,-0.65,-1.49,-2.56,-2.61,-2.67
1332.45,-2.16,0.44,-2.11,0.50,-0.52,-0.53,-1.37,-2.67,-2.62,-2.60
1345.77,-2.36,0.17,-2.31,0.22,-0.33,-0.40,-1.25,-2.69,-2.65,-2.53
1359.23,-2.37,0.09,-2.40,0.06,-0.14,-0.28,-1.13,-2.51,-2.54,-2.46
1372.82,-2.47,-0.09,-2.44,-0.05,0.05,-0.16,-1.01,-2.42,-2.38,-2.38
1386.55,-2.40,-0.09,-2.45,-0.13,0.21,-0.03,-0.90,-2.19,-2.23,-2.31
1400.41,-2.54,-0.30,-2.53,-0.29,0.33,0.08,-0.78,-2.21,-2.20,-2.24
1414.42,-2.56,-0.39,-2.63,-0.46,0.41,0.20,-0.66,-2.15,-2.22,-2.17
1428.56,-2.78,-0.69,-2.71,-0.62,0.47,0.31,-0.55,-2.31,-2.24,-2.09
1442.85,-2.73,-0.71,-2.68,-0.66,0.54,0.43,-0.43,-2.20,-2.14,-2.02
1457.28,-2.57,-0.61,-2.57,-0.62,0.63,0.53,-0.32,-1.94,-1.94,-1.95
1471.85,-2.41,-0.53,-2.43,-0.55,0.73,0.64,-0.20,-1.68,-1.70,-1.88
1486.57,-2.35,-0.54,-2.43,-0.63,0.83,0.74,-0.09,-1.53,-1.61,-1.81
1501.43,-2.54,-0.81,-2.56,-0.83,0.93,0.85,0.03,-1.62,-1.63,-1.73
1516.45,-2.79,-1.15,-2.69,-1.04,1.02,0.94,0.14,-1.76,-1.67,-1.64
1531.61,-2.83,-1.27,-2.82,-1.26,1.13,1.03,0.25,-1.70,-1.69,-1.56
1546.93,-2.74,-1.27,-2.83,-1.36,1.23,1.12,0.37,-1.51,-1.60,-1.47
1562.40,-2.86,-1.48,-2.75,-1.37,1.32,1.21,0.48,-1.53,-1.43,-1.38
1578.02,-2.64,-1.35,-2.66,-1.37,1.38,1.29,0.59,-1.26,-1.28,-1.29
1593.80,-2.53,-1.32,-2.61,-1.40,1.41,1.37,0.70,-1.13,-1.20,-1.21
1609.74,-2.49,-1.38,-2.48,-1.37,1.39,1.44,0.81,-1.11,-1.09,-1.11
1625.84,-2.46,-1.45,-2.36,-1.35,1.34,1.51,0.92,-1.12,-1.02,-1.01
1642.10,-2.15,-1.24,-2.20,-1.29,1.28,1.57,1.02,-0.87,-0.92,-0.91
1658.52,-2.01,-1.20,-2.05,-1.24,1.24,1.64,1.13,-0.77,-0.81,-0.80
1675.10,-1.89,-1.19,-1.91,-1.21,1.20,1.69,1.23,-0.69,-0.71,-0.70
1691.85,-1.86,-1.26,-1.77,-1.18,1.18,1.74,1.33,-0.68,-0.59,-0.60
1708.77,-1.63,-1.14,-1.58,-1.09,1.16,1.79,1.43,-0.47,-0.42,-0.49
1725.86,-1.35,-0.97,-1.47,-1.09,1.15,1.84,1.53,-0.20,-0.33,-0.38
1743.12,-1.34,-1.08,-1.43,-1.17,1.16,1.88,1.63,-0.17,-0.27,-0.26
1760.55,-1.58,-1.42,-1.40,-1.26,1.22,1.91,1.72,-0.36,-0.19,-0.15
1778.15,-1.43,-1.40,-1.36,-1.33,1.31,1.94,1.81,-0.12,-0.05,-0.03
1795.94,-1.13,-1.21,-1.26,-1.34,1.42,1.97,1.90,0.28,0.16,0.08
1813.90,-1.15,-1.35,-1.17,-1.37,1.53,2.00,1.98,0.38,0.36,0.20
1832.03,-1.22,-1.54,-1.24,-1.56,1.63,2.02,2.06,0.41,0.38,0.32
1850.36,-1.37,-1.82,-1.36,-1.80,1.70,2.04,2.13,0.32,0.34,0.45
1868.86,-1.42,-1.99,-1.33,-1.90,1.73,2.06,2.20,0.30,0.40,0.57
1887.55,-1.21,-1.90,-1.22,-1.91,1.72,2.07,2.26,0.52,0.51,0.69
1906.42,-0.88,-1.69,-0.94,-1.76,1.69,2.08,2.33,0.81,0.74,0.81
1925.49,-0.75,-1.69,-0.66,-1.60,1.63,2.09,2.38,0.88,0.97,0.94
1944.74,-0.30,-1.37,-0.41,-1.48,1.56,2.10,2.43,1.26,1.14,1.07
1964.19,-0.24,-1.44,-0.19,-1.39,1.46,2.11,2.47,1.22,1.27,1.20
1983.83,0.01,-1.31,0.06,-1.26,1.37,2.11,2.51,1.38,1.43,1.32
2003.67,0.25,-1.20,0.23,-1.22,1.29,2.12,2.54,1.54,1.51,1.45
2023.71,0.44,-1.11,0.35,-1.21,1.22,2.12,2.57,1.65,1.56,1.55
2043.94,0.38,-1.28,0.37,-1.29,1.17,2.13,2.59,1.55,1.54,1.66
2064.38,0.36,-1.41,0.48,-1.29,1.14,2.13,2.61,1.50,1.62,1.77
2085.03,0.58,-1.29,0.67,-1.20,1.14,2.14,2.61,1.72,1.82,1.87
2105.88,1.05,-0.93,0.86,-1.12,1.19,2.14,2.62,2.24,2.05,1.98
2126.94,1.06,-1.02,1.01,-1.07,1.26,2.15,2.62,2.32,2.27,2.08
2148.20,0.88,-1.30,1.06,-1.13,1.32,2.16,2.62,2.20,2.38,2.19
2169.69,1.04,-1.25,0.96,-1.33,1.37,2.18,2.61,2.41,2.33,2.29
2191.38,0.95,-1.44,0.84,-1.55,1.42,2.19,2.59,2.36,2.26,2.39
2213.30,0.69,-1.79,0.75,-1.74,1.49,2.22,2.58,2.18,2.24,2.49
2235.43,0.64,-1.96,0.79,-1.80,1.58,2.24,2.56,2.22,2.37,2.60
2257.78,0.93,-1.77,1.01,-1.69,1.69,2.28,2.53,2.62,2.70,2.70
2280.36,1.40,-1.39,1.18,-1.61,1.80,2.32,2.51,3.20,2.99,2.79
2303.17,1.29,-1.60,1.17,-1.72,1.93,2.38,2.48,3.21,3.10,2.89
2326.20,0.82,-2.17,0.96,-2.03,2.07,2.44,2.45,2.88,3.02,2.99
2349.46,0.61,-2.48,0.70,-2.38,2.23,2.52,2.42,2.84,2.93,3.09
2372.95,0.54,-2.63,0.53,-2.64,2.44,2.62,2.39,2.98,2.98,3.17
2396.68,0.48,-2.77,0.30,-2.95,2.69,2.73,2.35,3.17,3.00,3.25
2420.65,0.08,-3.24,0.06,-3.26,2.98,2.86,2.32,3.06,3.04,3.32
2444.86,-0.43,-3.83,-0.15,-3.55,3.29,3.02,2.29,2.86,3.14,3.40
2469.31,-0.21,-3.68,-0.35,-3.82,3.60,3.19,2.25,3.39,3.25,3.47
2494.00,-0.38,-3.93,-0.47,-4.01,3.89,3.39,2.22,3.50,3.42,3.55
2518.94,-0.72,-4.34,-0.64,-4.26,4.14,3.60,2.19,3.42,3.49,3.62
2544.13,-0.93,-4.61,-0.95,-4.63,4.33,3.81,2.15,3.40,3.38,3.68
2569.57,-1.35,-5.09,-1.31,-5.06,4.47,4.00,2.12,3.12,3.15,3.74
2595.27,-1.63,-5.44,-1.73,-5.53,4.52,4.15,2.09,2.89,2.80,3.81
2621.22,-2.31,-6.18,-2.21,-6.08,4.51,4.23,2.06,2.19,2.30,3.87
2647.43,-2.80,-6.73,-2.82,-6.75,4.41,4.22,2.03,1.61,1.59,3.93
2673.90,-3.47,-7.46,-3.57,-7.55,4.24,4.14,2.00,0.78,0.68,3.99
2700.64,-4.49,-8.53,-4.43,-8.47,4.02,3.95,1.98,-0.47,-0.41,4.04
2727.65,-5.41,-9.51,-5.52,-9.61,3.75,3.72,1.95,-1.66,-1.77,4.10
2754.93,-6.50,-10.65,-6.59,-10.73,3.45,3.43,1.93,-3.05,-3.13,4.15
2782.48,-7.50,-11.69,-7.26,-11.46,3.15,3.13,1.91,-4.34,-4.10,4.20
2810.30,-7.60,-11.85,-7.43,-11.68,2.89,2.83,1.89,-4.72,-4.55,4.25
2838.40,-7.00,-11.29,-7.22,-11.51,2.63,2.54,1.87,-4.37,-4.59,4.29
2866.79,-6.48,-10.80,-6.70,-11.03,2.37,2.26,1.85,-4.11,-4.33,4.32
2895.46,-6.11,-10.47,-5.87,-10.23,2.11,2.00,1.84,-4.00,-3.76,4.36
2924.41,-4.85,-9.24,-4.62,-9.01,1.85,1.76,1.82,-2.99,-2.77,4.39
2953.65,-2.83,-7.25,-2.89,-7.31,1.59,1.52,1.81,-1.24,-1.30,4.42
2983.19,-0.83,-5.29,-0.97,-5.43,1.34,1.29,1.80,0.51,0.36,4.46
3013.02,0.78,-3.71,0.70,-3.79,1.08,1.07,1.79,1.86,1.78,4.49
3043.15,1.88,-2.65,1.94,-2.59,0.82,0.84,1.78,2.70,2.76,4.53
3073.58,2.82,-1.74,2.75,-1.81,0.56,0.61,1.78,3.38,3.31,4.56
3104.32,3.35,-1.25,3.30,-1.30,0.29,0.37,1.77,3.64,3.59,4.60
3135.36,3.68,-0.95,3.81,-0.81,0.01,0.12,1.77,3.69,3.83,4.63
3166.72,4.21,-0.45,4.29,-0.37,-0.26,-0.14,1.77,3.95,4.03,4.66
3198.38,4.95,0.28,4.83,0.16,-0.51,-0.40,1.77,4.43,4.32,4.67
3230.37,5.31,0.62,5.37,0.68,-0.74,-0.68,1.77,4.56,4.63,4.69
3262.67,5.77,1.07,5.69,0.99,-0.94,-0.94,1.77,4.84,4.75,4.70
3295.30,5.94,1.22,5.91,1.20,-1.10,-1.18,1.78,4.84,4.81,4.72
3328.25,5.88,1.15,6.06,1.33,-1.23,-1.38,1.78,4.65,4.83,4.73
3361.53,6.22,1.48,6.04,1.30,-1.31,-1.53,1.79,4.91,4.72,4.74
3395.15,6.03,1.29,6.02,1.28,-1.34,-1.59,1.79,4.68,4.67,4.74
3429.10,5.85,1.11,6.04,1.31,-1.33,-1.57,1.80,4.53,4.72,4.74
3463.39,6.04,1.32,5.99,1.25,-1.27,-1.47,1.81,4.78,4.72,4.73
3498.03,6.07,1.34,5.96,1.23,-1.18,-1.31,1.82,4.89,4.79,4.73
3533.01,5.80,1.07,5.82,1.09,-1.06,-1.10,1.83,4.74,4.76,4.73
3568.34,5.58,0.86,5.59,0.88,-0.92,-0.86,1.84,4.66,4.68,4.72
3604.02,5.29,0.60,5.38,0.69,-0.75,-0.62,1.85,4.55,4.64,4.69
3640.06,5.27,0.61,5.21,0.54,-0.53,-0.37,1.86,4.75,4.68,4.67
3676.46,5.03,0.38,4.98,0.34,-0.26,-0.15,1.87,4.76,4.72,4.65
3713.22,4.72,0.10,4.73,0.11,0.01,0.07,1.89,4.73,4.75,4.62
3750.36,4.34,-0.26,4.39,-0.21,0.29,0.26,1.90,4.63,4.68,4.60
3787.86,4.09,-0.47,4.03,-0.53,0.54,0.44,1.91,4.63,4.57,4.56
3825.74,3.67,-0.85,3.63,-0.89,0.75,0.60,1.92,4.42,4.38,4.52
3864.00,3.31,-1.17,3.34,-1.14,0.93,0.75,1.93,4.24,4.27,4.48
3902.64,3.03,-1.41,3.18,-1.26,1.08,0.89,1.94,4.10,4.26,4.44
3941.66,3.23,-1.18,3.16,-1.25,1.20,1.01,1.95,4.44,4.36,4.41
3981.08,3.25,-1.12,3.15,-1.21,1.32,1.13,1.96,4.57,4.48,4.37
4020.89,3.09,-1.23,3.11,-1.20,1.43,1.24,1.97,4.52,4.54,4.32
4061.10,2.90,-1.35,2.98,-1.29,1.50,1.34,1.98,4.40,4.47,4.26
4101.71,2.82,-1.38,2.77,-1.43,1.53,1.45,1.99,4.35,4.30,4.20
4142.73,2.63,-1.52,2.52,-1.62,1.53,1.54,2.00,4.15,4.05,4.15
4184.15,2.24,-1.85,2.30,-1.79,1.51,1.64,2.01,3.74,3.80,4.09
4226.00,2.12,-1.91,2.24,-1.79,1.46,1.73,2.01,3.59,3.71,4.03
4268.26,2.32,-1.65,2.38,-1.58,1.41,1.83,2.02,3.74,3.80,3.97
4310.94,2.76,-1.13,2.62,-1.27,1.36,1.93,2.03,4.11,3.97,3.89
4354.05,2.80,-1.01,2.75,-1.07,1.31,2.02,2.04,4.11,4.05,3.81
4397.59,2.67,-1.07,2.72,-1.02,1.28,2.12,2.05,3.95,4.00,3.74
4441.56,2.48,-1.18,2.51,-1.15,1.30,2.22,2.06,3.78,3.81,3.66
4485.98,2.30,-1.28,2.23,-1.35,1.39,2.33,2.07,3.68,3.62,3.58
4530.84,1.86,-1.64,1.89,-1.60,1.55,2.44,2.08,3.41,3.44,3.50
4576.15,1.44,-1.96,1.47,-1.95,1.78,2.56,2.09,3.23,3.25,3.41
4621.91,0.98,-2.35,0.94,-2.39,2.06,2.68,2.10,3.03,3.00,3.33
4668.13,0.36,-2.88,0.36,-2.88,2.34,2.81,2.11,2.70,2.70,3.24
4714.81,-0.33,-3.48,-0.31,-3.46,2.62,2.95,2.12,2.29,2.31,3.15
4761.96,-1.06,-4.12,-1.09,-4.15,2.89,3.10,2.14,1.84,1.80,3.07
4809.58,-1.87,-4.84,-1.89,-4.86,3.15,3.26,2.16,1.28,1.26,2.97
4857.67,-2.76,-5.64,-2.72,-5.60,3.41,3.44,2.18,0.65,0.69,2.88
4906.25,-3.46,-6.25,-3.54,-6.33,3.67,3.62,2.19,0.21,0.13,2.79
4955.31,-4.20,-6.89,-4.15,-6.84,3.93,3.83,2.22,-0.27,-0.22,2.69
5004.87,-4.65,-7.25,-4.48,-7.08,4.19,4.04,2.24,-0.46,-0.30,2.60
5054.91,-4.51,-7.03,-4.55,-7.07,4.46,4.28,2.27,-0.05,-0.09,2.52
5105.46,-4.47,-6.91,-4.50,-6.94,4.74,4.52,2.29,0.27,0.24,2.44
5156.52,-4.47,-6.84,-4.59,-6.96,5.01,4.77,2.32,0.55,0.42,2.37
5208.08,-4.92,-7.20,-4.92,-7.21,5.26,5.01,2.36,0.35,0.34,2.29
5260.16,-5.46,-7.67,-5.37,-7.58,5.48,5.22,2.39,0.02,0.11,2.21
5312.77,-5.88,-8.01,-5.88,-8.01,5.67,5.41,2.43,-0.21,-0.21,2.13
5365.89,-6.35,-8.40,-6.35,-8.40,5.82,5.54,2.47,-0.53,-0.53,2.05
5419.55,-6.82,-8.79,-6.82,-8.79,5.93,5.66,2.51,-0.89,-0.89,1.97
5473.75,-7.36,-9.26,-7.38,-9.27,6.00,5.72,2.56,-1.36,-1.37,1.90
5528.49,-7.94,-9.76,-7.95,-9.77,6.04,5.77,2.60,-1.90,-1.91,1.82
5583.77,-8.63,-10.37,-8.56,-10.30,6.05,5.82,2.65,-2.58,-2.51,1.74
5639.61,-9.16,-10.84,-9.20,-10.88,6.04,5.86,2.71,-3.12,-3.16,1.68
5696.00,-9.86,-11.47,-9.85,-11.46,6.02,5.92,2.77,-3.84,-3.83,1.61
5752.96,-10.57,-12.12,-10.52,-12.07,6.00,5.98,2.82,-4.57,-4.52,1.55
5810.49,-11.17,-12.66,-11.21,-12.70,6.00,6.06,2.89,-5.17,-5.21,1.49
5868.60,-11.81,-13.24,-11.74,-13.18,6.00,6.14,2.95,-5.81,-5.74,1.43
5927.28,-12.16,-13.53,-11.98,-13.35,6.00,6.23,3.03,-6.16,-5.98,1.37
5986.56,-12.03,-13.33,-11.88,-13.18,6.00,6.33,3.10,-6.03,-5.88,1.30
6046.42,-11.47,-12.69,-11.46,-12.68,6.00,6.43,3.18,-5.47,-5.46,1.22
6106.89,-10.83,-11.96,-10.69,-11.83,6.00,6.52,3.25,-4.83,-4.69,1.13
6167.96,-9.99,-11.03,-9.66,-10.70,6.00,6.60,3.34,-3.99,-3.66,1.04
6229.64,-8.57,-9.52,-8.49,-9.45,6.00,6.69,3.42,-2.57,-2.49,0.95
6291.93,-7.35,-8.21,-7.40,-8.27,6.00,6.74,3.51,-1.35,-1.40,0.86
6354.85,-6.56,-7.34,-6.62,-7.41,6.00,6.80,3.61,-0.56,-0.62,0.78
6418.40,-6.30,-7.00,-6.30,-7.02,6.00,6.82,3.70,-0.30,-0.30,0.70
6482.58,-6.30,-6.93,-6.34,-6.98,6.00,6.84,3.80,-0.30,-0.34,0.63
6547.41,-6.58,-7.13,-6.58,-7.14,6.00,6.82,3.90,-0.58,-0.58,0.55
6612.88,-7.00,-7.47,-6.88,-7.36,6.00,6.79,4.00,-1.00,-0.88,0.47
6679.01,-7.41,-7.80,-7.17,-7.58,6.00,6.73,4.11,-1.41,-1.17,0.39
6745.80,-7.78,-8.09,-7.43,-7.75,6.00,6.66,4.21,-1.78,-1.43,0.31
6813.26,-8.20,-8.42,-7.60,-7.82,6.00,6.55,4.32,-2.20,-1.60,0.22
6881.39,-8.60,-8.72,-7.69,-7.82,6.00,6.44,4.43,-2.60,-1.69,0.12
6950.21,-8.79,-8.82,-7.74,-7.77,6.00,6.29,4.54,-2.79,-1.74,0.03
7019.71,-9.10,-9.04,-7.73,-7.66,6.00,6.14,4.64,-3.10,-1.73,-0.06
7089.91,-9.50,-9.35,-7.70,-7.52,6.00,5.97,4.75,-3.50,-1.70,-0.15
7160.81,-9.80,-9.55,-7.66,-7.38,6.01,5.80,4.85,-3.79,-1.65,-0.25
7232.41,-10.18,-9.82,-7.59,-7.20,6.03,5.60,4.94,-4.15,-1.56,-0.36
7304.74,-10.64,-10.16,-7.51,-7.00,6.05,5.41,5.04,-4.59,-1.46,-0.47
7377.79,-11.04,-10.46,-7.42,-6.79,6.05,5.21,5.12,-4.99,-1.37,-0.58
7451.56,-11.59,-10.90,-7.32,-6.58,6.03,5.01,5.21,-5.56,-1.29,-0.69
7526.08,-12.11,-11.31,-7.21,-6.35,5.97,4.81,5.27,-6.15,-1.24,-0.80
7601.34,-13.07,-12.17,-7.09,-6.11,5.87,4.60,5.34,-7.20,-1.23,-0.90
7677.35,-13.88,-12.88,-6.96,-5.86,5.72,4.40,5.38,-8.17,-1.24,-1.00
7754.13,-14.70,-13.60,-6.81,-5.59,5.53,4.20,5.42,-9.17,-1.28,-1.10
7831.67,-14.56,-13.35,-6.64,-5.29,5.30,4.00,5.44,-9.26,-1.34,-1.20
7909.98,-13.74,-12.44,-6.46,-4.99,5.04,3.81,5.46,-8.71,-1.42,-1.30
7989.08,-12.22,-10.82,-6.29,-4.69,4.76,3.62,5.45,-7.47,-1.53,-1.40
8068.98,-11.01,-9.50,-6.14,-4.42,4.47,3.43,5.44,-6.54,-1.67,-1.51
8149.67,-9.75,-8.13,-6.00,-4.16,4.19,3.26,5.40,-5.56,-1.81,-1.62
8231.16,-8.72,-6.98,-5.89,-3.92,3.94,3.08,5.36,-4.78,-1.95,-1.74
8313.47,-7.60,-5.75,-5.80,-3.70,3.70,2.91,5.29,-3.89,-2.09,-1.85
8396.61,-6.57,-4.60,-5.72,-3.49,3.49,2.74,5.22,-3.08,-2.23,-1.96
8480.57,-5.38,-3.31,-5.65,-3.29,3.28,2.59,5.12,-2.10,-2.36,-2.07
8565.38,-3.80,-1.60,-5.57,-3.10,3.08,2.43,5.02,-0.72,-2.49,-2.20
8651.03,-1.98,0.35,-5.50,-2.90,2.89,2.28,4.90,0.91,-2.61,-2.33
8737.54,0.02,2.48,-5.43,-2.70,2.70,2.13,4.79,2.72,-2.73,-2.46
8824.92,2.37,4.97,-5.37,-2.52,2.52,2.00,4.65,4.89,-2.85,-2.59
8913.17,4.56,7.28,-5.31,-2.34,2.34,1.86,4.51,6.90,-2.97,-2.72
9002.30,6.20,9.04,-5.26,-2.16,2.16,1.73,4.37,8.36,-3.09,-2.84
9092.32,7.20,10.19,-5.21,-1.99,1.99,1.60,4.22,9.19,-3.22,-2.99
9183.25,7.61,10.75,-5.17,-1.83,1.82,1.48,4.06,9.43,-3.34,-3.14
9275.08,7.41,10.70,-5.12,-1.67,1.66,1.36,3.91,9.06,-3.47,-3.29
9367.83,6.83,10.26,-5.08,-1.51,1.49,1.25,3.75,8.32,-3.59,-3.43
9461.51,6.01,9.59,-5.03,-1.34,1.33,1.13,3.59,7.35,-3.70,-3.58
9556.12,5.06,8.80,-4.98,-1.18,1.18,1.03,3.43,6.24,-3.80,-3.74
9651.68,3.94,7.86,-4.93,-1.02,1.03,0.92,3.27,4.97,-3.90,-3.92
9748.20,2.79,6.88,-4.90,-0.88,0.89,0.82,3.11,3.68,-4.00,-4.09
9845.68,1.62,5.89,-4.87,-0.75,0.76,0.72,2.96,2.38,-4.11,-4.27
9944.14,0.55,4.99,-4.85,-0.63,0.64,0.63,2.80,1.19,-4.22,-4.44
10043.58,-0.40,4.21,-4.84,-0.52,0.52,0.53,2.65,0.12,-4.32,-4.61
10144.02,-1.23,3.55,-4.91,-0.42,0.41,0.44,2.50,-0.82,-4.50,-4.78
10245.46,-1.99,2.96,-4.98,-0.32,0.31,0.36,2.35,-1.68,-4.67,-4.95
10347.91,-2.83,2.29,-5.06,-0.22,0.21,0.27,2.20,-2.62,-4.84,-5.12
10451.39,-3.58,1.71,-5.14,-0.12,0.12,0.19,2.06,-3.46,-5.02,-5.29
10555.91,-4.28,1.18,-5.22,-0.03,0.03,0.11,1.92,-4.25,-5.20,-5.46
10661.46,-4.87,0.77,-5.31,0.07,-0.07,0.03,1.78,-4.94,-5.38,-5.64
10768.08,-5.40,0.44,-5.40,0.16,-0.16,-0.04,1.65,-5.55,-5.56,-5.84
10875.76,-5.96,0.07,-5.50,0.24,-0.24,-0.12,1.51,-6.20,-5.75,-6.03
10984.52,-6.48,-0.25,-5.61,0.33,-0.33,-0.19,1.38,-6.81,-5.94,-6.23
11094.36,-7.06,-0.63,-5.72,0.41,-0.41,-0.26,1.25,-7.47,-6.13,-6.43
11205.31,-7.77,-1.15,-5.83,0.49,-0.49,-0.32,1.12,-8.26,-6.32,-6.62
11317.36,-8.38,-1.54,-5.95,0.57,-0.57,-0.39,1.00,-8.95,-6.52,-6.84
11430.53,-8.82,-1.76,-6.07,0.64,-0.64,-0.45,0.87,-9.47,-6.71,-7.06
11544.84,-9.22,-1.95,-6.20,0.72,-0.72,-0.52,0.75,-9.94,-6.91,-7.27
11660.29,-9.29,-1.80,-6.33,0.79,-0.79,-0.57,0.62,-10.08,-7.12,-7.49
11776.89,-9.09,-1.38,-6.46,0.86,-0.86,-0.63,0.50,-9.94,-7.32,-7.71
11894.66,-8.84,-0.94,-6.61,0.92,-0.92,-0.69,0.38,-9.76,-7.53,-7.90
12013.60,-8.67,-0.57,-6.75,0.99,-0.99,-0.74,0.25,-9.66,-7.74,-8.10
12133.74,-8.52,-0.22,-6.90,1.05,-1.05,-0.79,0.13,-9.56,-7.95,-8.29
12255.08,-8.50,-0.02,-7.06,1.11,-1.11,-0.85,0.00,-9.61,-8.17,-8.48
12377.63,-8.47,0.20,-7.22,1.17,-1.17,-0.89,-0.12,-9.64,-8.38,-8.67
12501.41,-8.49,0.38,-7.38,1.22,-1.22,-0.94,-0.25,-9.71,-8.60,-8.86
12626.42,-8.59,0.46,-7.55,1.27,-1.27,-0.99,-0.39,-9.86,-8.83,-9.05
12752.68,-8.71,0.53,-7.73,1.32,-1.32,-1.03,-0.52,-10.03,-9.05,-9.24
12880.21,-8.83,0.60,-7.91,1.37,-1.37,-1.07,-0.66,-10.20,-9.28,-9.43
13009.01,-9.00,0.62,-8.09,1.42,-1.42,-1.11,-0.81,-10.41,-9.51,-9.62
13139.10,-8.96,0.85,-8.28,1.46,-1.46,-1.15,-0.96,-10.42,-9.74,-9.81
13270.49,-8.59,1.40,-8.47,1.50,-1.50,-1.19,-1.11,-10.09,-9.97,-9.99
13403.20,-8.09,2.05,-8.67,1.54,-1.54,-1.23,-1.28,-9.62,-10.21,-10.14
13537.23,-7.20,3.10,-8.87,1.57,-1.57,-1.26,-1.45,-8.78,-10.45,-10.30
13672.60,-6.16,4.30,-9.08,1.61,-1.61,-1.30,-1.63,-7.77,-10.69,-10.46
13809.33,-5.43,5.19,-9.29,1.64,-1.64,-1.33,-1.82,-7.07,-10.93,-10.62
13947.42,-5.44,5.34,-9.51,1.67,-1.67,-1.36,-2.02,-7.11,-11.18,-10.78
14086.90,-5.57,5.36,-9.73,1.69,-1.69,-1.39,-2.23,-7.27,-11.42,-10.93
14227.77,-5.81,5.25,-9.96,1.72,-1.72,-1.42,-2.46,-7.53,-11.67,-11.06
14370.04,-6.21,4.99,-10.19,1.74,-1.74,-1.45,-2.69,-7.95,-11.93,-11.20
14513.74,-6.80,4.54,-10.42,1.76,-1.76,-1.47,-2.94,-8.56,-12.18,-11.34
14658.88,-7.74,3.73,-10.66,1.78,-1.78,-1.50,-3.20,-9.52,-12.44,-11.47
14805.47,-9.07,2.54,-10.91,1.79,-1.79,-1.52,-3.47,-10.86,-12.70,-11.61
14953.52,-11.08,0.67,-11.16,1.80,-1.80,-1.54,-3.75,-12.89,-12.96,-11.75
15103.06,-13.22,-1.30,-11.41,1.81,-1.81,-1.56,-4.02,-15.04,-13.23,-11.92
15254.09,-14.61,-2.51,-11.67,1.82,-1.82,-1.58,-4.29,-16.43,-13.49,-12.10
15406.63,-15.22,-2.94,-11.93,1.83,-1.83,-1.60,-4.54,-17.05,-13.76,-12.28
15560.70,-16.25,-3.78,-12.20,1.83,-1.83,-1.62,-4.77,-18.08,-14.03,-12.47
15716.30,-17.25,-4.60,-12.47,1.83,-1.83,-1.64,-4.93,-19.09,-14.31,-12.65
15873.47,-17.91,-5.08,-12.75,1.83,-1.83,-1.66,-5.06,-19.75,-14.58,-12.83
16032.20,-18.48,-5.44,-13.03,1.83,-1.83,-1.67,-5.09,-20.31,-14.86,-13.04
16192.52,-18.61,-5.28,-13.32,1.82,-1.82,-1.69,-5.06,-20.44,-15.14,-13.33
16354.45,-18.05,-4.43,-13.61,1.81,-1.81,-1.70,-4.92,-19.86,-15.43,-13.62
16517.99,-17.30,-3.39,-13.91,1.80,-1.80,-1.71,-4.74,-19.10,-15.71,-13.91
16683.17,-16.71,-2.51,-14.21,1.79,-1.79,-1.73,-4.46,-18.50,-16.00,-14.20
16850.01,-16.61,-2.11,-14.52,1.77,-1.77,-1.74,-4.16,-18.38,-16.29,-14.49
17018.51,-16.61,-1.81,-14.83,1.76,-1.76,-1.75,-3.81,-18.37,-16.58,-14.80
17188.69,-16.52,-1.23,-15.14,1.74,-1.74,-1.76,-3.46,-18.25,-16.88,-15.28
17360.58,-16.25,-0.50,-15.46,1.71,-1.71,-1.77,-3.11,-17.97,-17.18,-15.75
17534.18,-15.79,0.44,-15.79,1.69,-1.69,-1.78,-2.77,-17.48,-17.48,-16.23
17709.53,-15.40,1.30,-16.12,1.66,-1.66,-1.79,-2.45,-17.06,-17.78,-16.70
17886.62,-15.29,1.90,-16.45,1.63,-1.63,-1.79,-2.15,-16.92,-18.09,-17.18
18065.49,-15.15,2.60,-16.79,1.60,-1.60,-1.80,-1.87,-16.75,-18.39,-17.75
18246.14,-14.93,3.56,-17.14,1.57,-1.57,-1.81,-1.62,-16.50,-18.70,-18.49
18428.60,-15.26,3.97,-17.48,1.53,-1.53,-1.82,-1.40,-16.79,-19.01,-19.23
18612.89,-16.13,3.85,-17.84,1.49,-1.49,-1.82,-1.20,-17.62,-19.33,-19.98
18799.02,-16.93,3.80,-18.20,1.45,-1.45,-1.83,-1.03,-18.37,-19.64,-20.72
18987.01,-18.17,3.29,-18.56,1.41,-1.41,-1.83,-0.87,-19.57,-19.96,-21.46
19176.88,-19.03,3.47,-18.93,1.36,-1.36,-1.84,-0.73,-20.39,-20.29,-22.50
19368.65,-19.48,4.09,-19.30,1.31,-1.31,-1.84,-0.61,-20.79,-20.61,-23.57
19562.33,-19.67,4.96,-19.67,1.26,-1.26,-1.85,-0.51,-20.93,-20.94,-24.63
19757.96,-19.55,6.15,-20.06,1.21,-1.21,-1.85,-0.40,-20.76,-21.26,-25.70
19955.54,-19.93,6.83,-20.44,1.15,-1.15,-1.85,-0.30,-21.08,-21.59,-26.76
